@@,itemlabel,item,startdate,enddate
+++,Leonas Vaidotas Ašmantas,Q1819142,1990-03-17,1993-03-10
+++,Algimantas Vladas Stasiukynas,Q1228507,1993-03-10,1995-05-15
+++,Arvydas Kostas Leščinskas,Q717565,1995-05-15,1996-02-23
+++,Saulius Aloyzas Bernardas Kutas,Q1634804,1996-02-23,1996-12-19
+++,Arvydas Sekmokas,Q110635,2009-02-10,2012-12-13
+++,Jaroslav Neverovič,Q990707,2012-12-13,2014-08-25
+++,Rokas Masiulis,Q18222912,2014-09-25,2016-12-13
+++,Žygimantas Vaičiūnas,Q6338632,2016-12-13,2020-12-11
